language_edition,affiliation_category,represented_entities,cohort_group_entities,language_represented_entities,cohort_total_entities,cohort_group_share_pct,language_group_share_pct,representation_rate_pct,representation_index
dawiki,Danish,137,167,568,14377,1.16,24.12,82.04,20.7931
dawiki,German,116,993,568,14377,6.91,20.42,11.68,2.9551
dawiki,Anglophone,83,750,568,14377,5.22,14.61,11.07,2.7989
dawiki,mixed_or_ambiguous,78,2647,568,14377,18.41,13.73,2.95,0.7458
dawiki,French,67,893,568,14377,6.21,11.8,7.5,1.9002
dawiki,Swedish,30,319,568,14377,2.22,5.28,9.4,2.3784
dawiki,no_mapped_affiliation,22,4167,568,14377,28.98,3.87,0.53,0.1335
dawiki,Italian,12,667,568,14377,4.64,2.11,1.8,0.4547
dawiki,Dutch,5,266,568,14377,1.85,0.88,1.88,0.4757
dawiki,Spanish,5,504,568,14377,3.51,0.88,0.99,0.2507
dawiki,Germany,3,55,568,14377,0.38,0.53,5.45,1.3947
dawiki,Polish,3,235,568,14377,1.63,0.53,1.28,0.3252
dawiki,Russian,3,411,568,14377,2.86,0.53,0.73,0.1853
dawiki,British,2,633,568,14377,4.4,0.35,0.32,0.0795
dawiki,Corsican,1,1,568,14377,0.01,0.18,100.0,18.0
dawiki,Portuguese,1,109,568,14377,0.76,0.18,0.92,0.2368
dawiki,Arabic,0,87,568,14377,0.61,0.0,0.0,0.0
dawiki,Armenian,0,10,568,14377,0.07,0.0,0.0,0.0
dawiki,Austrian/Habsburg,0,17,568,14377,0.12,0.0,0.0,0.0
dawiki,Basque,0,8,568,14377,0.06,0.0,0.0,0.0
dawiki,Catalan,0,17,568,14377,0.12,0.0,0.0,0.0
dawiki,China,0,403,568,14377,2.8,0.0,0.0,0.0
dawiki,Croatian,0,21,568,14377,0.15,0.0,0.0,0.0
dawiki,Czech,0,53,568,14377,0.37,0.0,0.0,0.0
dawiki,Finnish,0,23,568,14377,0.16,0.0,0.0,0.0
dawiki,France,0,115,568,14377,0.8,0.0,0.0,0.0
dawiki,Greek,0,34,568,14377,0.24,0.0,0.0,0.0
dawiki,Hebrew,0,20,568,14377,0.14,0.0,0.0,0.0
dawiki,Hungarian,0,274,568,14377,1.91,0.0,0.0,0.0
dawiki,Lithuanian,0,3,568,14377,0.02,0.0,0.0,0.0
dawiki,Low Countries,0,13,568,14377,0.09,0.0,0.0,0.0
dawiki,Occitan,0,18,568,14377,0.13,0.0,0.0,0.0
dawiki,Ottoman,0,279,568,14377,1.94,0.0,0.0,0.0
dawiki,Persian,0,32,568,14377,0.22,0.0,0.0,0.0
dawiki,Ragusan/Dalmatian,0,2,568,14377,0.01,0.0,0.0,0.0
dawiki,Romanian/Moldavian,0,5,568,14377,0.03,0.0,0.0,0.0
dawiki,Serbian,0,25,568,14377,0.17,0.0,0.0,0.0
dawiki,Slovak,0,34,568,14377,0.24,0.0,0.0,0.0
dawiki,Slovene,0,1,568,14377,0.01,0.0,0.0,0.0
dawiki,South Asian,0,13,568,14377,0.09,0.0,0.0,0.0
dawiki,Swiss,0,50,568,14377,0.35,0.0,0.0,0.0
dawiki,Walloon,0,3,568,14377,0.02,0.0,0.0,0.0
dewiki,mixed_or_ambiguous,1456,2647,3980,14377,18.41,36.58,55.01,1.987
dewiki,German,784,993,3980,14377,6.91,19.7,78.95,2.8509
dewiki,French,401,893,3980,14377,6.21,10.08,44.9,1.6232
dewiki,Anglophone,326,750,3980,14377,5.22,8.19,43.47,1.569
dewiki,no_mapped_affiliation,288,4167,3980,14377,28.98,7.24,6.91,0.2498
dewiki,Italian,137,667,3980,14377,4.64,3.44,20.54,0.7414
dewiki,Dutch,70,266,3980,14377,1.85,1.76,26.32,0.9514
dewiki,Russian,66,411,3980,14377,2.86,1.66,16.06,0.5804
dewiki,Spanish,60,504,3980,14377,3.51,1.51,11.9,0.4302
dewiki,Polish,57,235,3980,14377,1.63,1.43,24.26,0.8773
dewiki,Swedish,48,319,3980,14377,2.22,1.21,15.05,0.545
dewiki,Danish,46,167,3980,14377,1.16,1.16,27.54,1.0
dewiki,British,33,633,3980,14377,4.4,0.83,5.21,0.1886
dewiki,Swiss,29,50,3980,14377,0.35,0.73,58.0,2.0857
dewiki,Hungarian,28,274,3980,14377,1.91,0.7,10.22,0.3665
dewiki,Germany,26,55,3980,14377,0.38,0.65,47.27,1.7105
dewiki,Ottoman,26,279,3980,14377,1.94,0.65,9.32,0.3351
dewiki,Portuguese,22,109,3980,14377,0.76,0.55,20.18,0.7237
dewiki,China,12,403,3980,14377,2.8,0.3,2.98,0.1071
dewiki,Arabic,9,87,3980,14377,0.61,0.23,10.34,0.377
dewiki,Austrian/Habsburg,9,17,3980,14377,0.12,0.23,52.94,1.9167
dewiki,Greek,9,34,3980,14377,0.24,0.23,26.47,0.9583
dewiki,Hebrew,6,20,3980,14377,0.14,0.15,30.0,1.0714
dewiki,Czech,5,53,3980,14377,0.37,0.13,9.43,0.3514
dewiki,Croatian,3,21,3980,14377,0.15,0.08,14.29,0.5333
dewiki,Finnish,3,23,3980,14377,0.16,0.08,13.04,0.5
dewiki,France,3,115,3980,14377,0.8,0.08,2.61,0.1
dewiki,Persian,3,32,3980,14377,0.22,0.08,9.38,0.3636
dewiki,Serbian,3,25,3980,14377,0.17,0.08,12.0,0.4706
dewiki,Armenian,2,10,3980,14377,0.07,0.05,20.0,0.7143
dewiki,Catalan,2,17,3980,14377,0.12,0.05,11.76,0.4167
dewiki,Occitan,2,18,3980,14377,0.13,0.05,11.11,0.3846
dewiki,Romanian/Moldavian,2,5,3980,14377,0.03,0.05,40.0,1.6667
dewiki,Slovak,2,34,3980,14377,0.24,0.05,5.88,0.2083
dewiki,Corsican,1,1,3980,14377,0.01,0.03,100.0,3.0
dewiki,Low Countries,1,13,3980,14377,0.09,0.03,7.69,0.3333
dewiki,Basque,0,8,3980,14377,0.06,0.0,0.0,0.0
dewiki,Lithuanian,0,3,3980,14377,0.02,0.0,0.0,0.0
dewiki,Ragusan/Dalmatian,0,2,3980,14377,0.01,0.0,0.0,0.0
dewiki,Slovene,0,1,3980,14377,0.01,0.0,0.0,0.0
dewiki,South Asian,0,13,3980,14377,0.09,0.0,0.0,0.0
dewiki,Walloon,0,3,3980,14377,0.02,0.0,0.0,0.0
enwiki,no_mapped_affiliation,1088,4167,5305,14377,28.98,20.51,26.11,0.7077
enwiki,mixed_or_ambiguous,1068,2647,5305,14377,18.41,20.13,40.35,1.0934
enwiki,Anglophone,681,750,5305,14377,5.22,12.84,90.8,2.4598
enwiki,French,541,893,5305,14377,6.21,10.2,60.58,1.6425
enwiki,British,442,633,5305,14377,4.4,8.33,69.83,1.8932
enwiki,German,355,993,5305,14377,6.91,6.69,35.75,0.9682
enwiki,Italian,214,667,5305,14377,4.64,4.03,32.08,0.8685
enwiki,Spanish,175,504,5305,14377,3.51,3.3,34.72,0.9402
enwiki,Russian,93,411,5305,14377,2.86,1.75,22.63,0.6119
enwiki,Polish,78,235,5305,14377,1.63,1.47,33.19,0.9018
enwiki,Swedish,75,319,5305,14377,2.22,1.41,23.51,0.6351
enwiki,Dutch,74,266,5305,14377,1.85,1.39,27.82,0.7514
enwiki,China,57,403,5305,14377,2.8,1.07,14.14,0.3821
enwiki,Danish,54,167,5305,14377,1.16,1.02,32.34,0.8793
enwiki,Ottoman,54,279,5305,14377,1.94,1.02,19.35,0.5258
enwiki,Portuguese,37,109,5305,14377,0.76,0.7,33.94,0.9211
enwiki,Arabic,31,87,5305,14377,0.61,0.58,35.63,0.9508
enwiki,Hungarian,31,274,5305,14377,1.91,0.58,11.31,0.3037
enwiki,Persian,23,32,5305,14377,0.22,0.43,71.88,1.9545
enwiki,Serbian,22,25,5305,14377,0.17,0.41,88.0,2.4118
enwiki,Greek,16,34,5305,14377,0.24,0.3,47.06,1.25
enwiki,Hebrew,16,20,5305,14377,0.14,0.3,80.0,2.1429
enwiki,Germany,14,55,5305,14377,0.38,0.26,25.45,0.6842
enwiki,Croatian,10,21,5305,14377,0.15,0.19,47.62,1.2667
enwiki,South Asian,10,13,5305,14377,0.09,0.19,76.92,2.1111
enwiki,France,8,115,5305,14377,0.8,0.15,6.96,0.1875
enwiki,Czech,6,53,5305,14377,0.37,0.11,11.32,0.2973
enwiki,Occitan,6,18,5305,14377,0.13,0.11,33.33,0.8462
enwiki,Finnish,4,23,5305,14377,0.16,0.08,17.39,0.5
enwiki,Low Countries,4,13,5305,14377,0.09,0.08,30.77,0.8889
enwiki,Swiss,4,50,5305,14377,0.35,0.08,8.0,0.2286
enwiki,Romanian/Moldavian,3,5,5305,14377,0.03,0.06,60.0,2.0
enwiki,Catalan,2,17,5305,14377,0.12,0.04,11.76,0.3333
enwiki,Ragusan/Dalmatian,2,2,5305,14377,0.01,0.04,100.0,4.0
enwiki,Slovak,2,34,5305,14377,0.24,0.04,5.88,0.1667
enwiki,Armenian,1,10,5305,14377,0.07,0.02,10.0,0.2857
enwiki,Austrian/Habsburg,1,17,5305,14377,0.12,0.02,5.88,0.1667
enwiki,Basque,1,8,5305,14377,0.06,0.02,12.5,0.3333
enwiki,Corsican,1,1,5305,14377,0.01,0.02,100.0,2.0
enwiki,Lithuanian,1,3,5305,14377,0.02,0.02,33.33,1.0
enwiki,Slovene,0,1,5305,14377,0.01,0.0,0.0,0.0
enwiki,Walloon,0,3,5305,14377,0.02,0.0,0.0,0.0
eswiki,Spanish,408,504,1835,14377,3.51,22.23,80.95,6.3333
eswiki,mixed_or_ambiguous,283,2647,1835,14377,18.41,15.42,10.69,0.8376
eswiki,French,266,893,1835,14377,6.21,14.5,29.79,2.3349
eswiki,Anglophone,251,750,1835,14377,5.22,13.68,33.47,2.6207
eswiki,German,165,993,1835,14377,6.91,8.99,16.62,1.301
eswiki,no_mapped_affiliation,105,4167,1835,14377,28.98,5.72,2.52,0.1974
eswiki,Italian,87,667,1835,14377,4.64,4.74,13.04,1.0216
eswiki,Russian,35,411,1835,14377,2.86,1.91,8.52,0.6678
eswiki,Portuguese,34,109,1835,14377,0.76,1.85,31.19,2.4342
eswiki,British,28,633,1835,14377,4.4,1.53,4.42,0.3477
eswiki,Swedish,28,319,1835,14377,2.22,1.53,8.78,0.6892
eswiki,Polish,25,235,1835,14377,1.63,1.36,10.64,0.8344
eswiki,Dutch,23,266,1835,14377,1.85,1.25,8.65,0.6757
eswiki,Danish,18,167,1835,14377,1.16,0.98,10.78,0.8448
eswiki,China,14,403,1835,14377,2.8,0.76,3.47,0.2714
eswiki,Hungarian,14,274,1835,14377,1.91,0.76,5.11,0.3979
eswiki,Ottoman,11,279,1835,14377,1.94,0.6,3.94,0.3093
eswiki,Germany,6,55,1835,14377,0.38,0.33,10.91,0.8684
eswiki,Catalan,5,17,1835,14377,0.12,0.27,29.41,2.25
eswiki,Occitan,5,18,1835,14377,0.13,0.27,27.78,2.0769
eswiki,Czech,4,53,1835,14377,0.37,0.22,7.55,0.5946
eswiki,Greek,4,34,1835,14377,0.24,0.22,11.76,0.9167
eswiki,Arabic,3,87,1835,14377,0.61,0.16,3.45,0.2623
eswiki,France,2,115,1835,14377,0.8,0.11,1.74,0.1375
eswiki,Persian,2,32,1835,14377,0.22,0.11,6.25,0.5
eswiki,Armenian,1,10,1835,14377,0.07,0.05,10.0,0.7143
eswiki,Austrian/Habsburg,1,17,1835,14377,0.12,0.05,5.88,0.4167
eswiki,Corsican,1,1,1835,14377,0.01,0.05,100.0,5.0
eswiki,Croatian,1,21,1835,14377,0.15,0.05,4.76,0.3333
eswiki,Finnish,1,23,1835,14377,0.16,0.05,4.35,0.3125
eswiki,Hebrew,1,20,1835,14377,0.14,0.05,5.0,0.3571
eswiki,Romanian/Moldavian,1,5,1835,14377,0.03,0.05,20.0,1.6667
eswiki,Serbian,1,25,1835,14377,0.17,0.05,4.0,0.2941
eswiki,Swiss,1,50,1835,14377,0.35,0.05,2.0,0.1429
eswiki,Basque,0,8,1835,14377,0.06,0.0,0.0,0.0
eswiki,Lithuanian,0,3,1835,14377,0.02,0.0,0.0,0.0
eswiki,Low Countries,0,13,1835,14377,0.09,0.0,0.0,0.0
eswiki,Ragusan/Dalmatian,0,2,1835,14377,0.01,0.0,0.0,0.0
eswiki,Slovak,0,34,1835,14377,0.24,0.0,0.0,0.0
eswiki,Slovene,0,1,1835,14377,0.01,0.0,0.0,0.0
eswiki,South Asian,0,13,1835,14377,0.09,0.0,0.0,0.0
eswiki,Walloon,0,3,1835,14377,0.02,0.0,0.0,0.0
frwiki,mixed_or_ambiguous,920,2647,3481,14377,18.41,26.43,34.76,1.4356
frwiki,French,765,893,3481,14377,6.21,21.98,85.67,3.5395
frwiki,Anglophone,379,750,3481,14377,5.22,10.89,50.53,2.0862
frwiki,German,304,993,3481,14377,6.91,8.73,30.61,1.2634
frwiki,no_mapped_affiliation,257,4167,3481,14377,28.98,7.38,6.17,0.2547
frwiki,Italian,255,667,3481,14377,4.64,7.33,38.23,1.5797
frwiki,Spanish,97,504,3481,14377,3.51,2.79,19.25,0.7949
frwiki,British,80,633,3481,14377,4.4,2.3,12.64,0.5227
frwiki,Russian,50,411,3481,14377,2.86,1.44,12.17,0.5035
frwiki,Dutch,48,266,3481,14377,1.85,1.38,18.05,0.7459
frwiki,France,44,115,3481,14377,0.8,1.26,38.26,1.575
frwiki,Swedish,44,319,3481,14377,2.22,1.26,13.79,0.5676
frwiki,Polish,42,235,3481,14377,1.63,1.21,17.87,0.7423
frwiki,Danish,29,167,3481,14377,1.16,0.83,17.37,0.7155
frwiki,China,25,403,3481,14377,2.8,0.72,6.2,0.2571
frwiki,Ottoman,21,279,3481,14377,1.94,0.6,7.53,0.3093
frwiki,Portuguese,21,109,3481,14377,0.76,0.6,19.27,0.7895
frwiki,Hungarian,20,274,3481,14377,1.91,0.57,7.3,0.2984
frwiki,Arabic,14,87,3481,14377,0.61,0.4,16.09,0.6557
frwiki,Germany,10,55,3481,14377,0.38,0.29,18.18,0.7632
frwiki,Greek,10,34,3481,14377,0.24,0.29,29.41,1.2083
frwiki,Occitan,10,18,3481,14377,0.13,0.29,55.56,2.2308
frwiki,Low Countries,7,13,3481,14377,0.09,0.2,53.85,2.2222
frwiki,Czech,6,53,3481,14377,0.37,0.17,11.32,0.4595
frwiki,Swiss,5,50,3481,14377,0.35,0.14,10.0,0.4
frwiki,Persian,3,32,3481,14377,0.22,0.09,9.38,0.4091
frwiki,Serbian,3,25,3481,14377,0.17,0.09,12.0,0.5294
frwiki,Austrian/Habsburg,2,17,3481,14377,0.12,0.06,11.76,0.5
frwiki,Basque,2,8,3481,14377,0.06,0.06,25.0,1.0
frwiki,Finnish,2,23,3481,14377,0.16,0.06,8.7,0.375
frwiki,Hebrew,2,20,3481,14377,0.14,0.06,10.0,0.4286
frwiki,Catalan,1,17,3481,14377,0.12,0.03,5.88,0.25
frwiki,Corsican,1,1,3481,14377,0.01,0.03,100.0,3.0
frwiki,Romanian/Moldavian,1,5,3481,14377,0.03,0.03,20.0,1.0
frwiki,Walloon,1,3,3481,14377,0.02,0.03,33.33,1.5
frwiki,Armenian,0,10,3481,14377,0.07,0.0,0.0,0.0
frwiki,Croatian,0,21,3481,14377,0.15,0.0,0.0,0.0
frwiki,Lithuanian,0,3,3481,14377,0.02,0.0,0.0,0.0
frwiki,Ragusan/Dalmatian,0,2,3481,14377,0.01,0.0,0.0,0.0
frwiki,Slovak,0,34,3481,14377,0.24,0.0,0.0,0.0
frwiki,Slovene,0,1,3481,14377,0.01,0.0,0.0,0.0
frwiki,South Asian,0,13,3481,14377,0.09,0.0,0.0,0.0
itwiki,Italian,429,667,2049,14377,4.64,20.94,64.32,4.5129
itwiki,mixed_or_ambiguous,350,2647,2049,14377,18.41,17.08,13.22,0.9278
itwiki,French,319,893,2049,14377,6.21,15.57,35.72,2.5072
itwiki,Anglophone,256,750,2049,14377,5.22,12.49,34.13,2.3927
itwiki,German,216,993,2049,14377,6.91,10.54,21.75,1.5253
itwiki,no_mapped_affiliation,140,4167,2049,14377,28.98,6.83,3.36,0.2357
itwiki,Spanish,60,504,2049,14377,3.51,2.93,11.9,0.8348
itwiki,Russian,47,411,2049,14377,2.86,2.29,11.44,0.8007
itwiki,Polish,30,235,2049,14377,1.63,1.46,12.77,0.8957
itwiki,Swedish,30,319,2049,14377,2.22,1.46,9.4,0.6577
itwiki,Ottoman,27,279,2049,14377,1.94,1.32,9.68,0.6804
itwiki,Dutch,24,266,2049,14377,1.85,1.17,9.02,0.6324
itwiki,British,23,633,2049,14377,4.4,1.12,3.63,0.2545
itwiki,Danish,17,167,2049,14377,1.16,0.83,10.18,0.7155
itwiki,Portuguese,15,109,2049,14377,0.76,0.73,13.76,0.9605
itwiki,Hungarian,14,274,2049,14377,1.91,0.68,5.11,0.356
itwiki,China,11,403,2049,14377,2.8,0.54,2.73,0.1929
itwiki,Persian,8,32,2049,14377,0.22,0.39,25.0,1.7727
itwiki,Greek,6,34,2049,14377,0.24,0.29,17.65,1.2083
itwiki,Arabic,5,87,2049,14377,0.61,0.24,5.75,0.3934
itwiki,Slovak,5,34,2049,14377,0.24,0.24,14.71,1.0
itwiki,France,3,115,2049,14377,0.8,0.15,2.61,0.1875
itwiki,Germany,3,55,2049,14377,0.38,0.15,5.45,0.3947
itwiki,Czech,2,53,2049,14377,0.37,0.1,3.77,0.2703
itwiki,Romanian/Moldavian,2,5,2049,14377,0.03,0.1,40.0,3.3333
itwiki,Swiss,2,50,2049,14377,0.35,0.1,4.0,0.2857
itwiki,Catalan,1,17,2049,14377,0.12,0.05,5.88,0.4167
itwiki,Corsican,1,1,2049,14377,0.01,0.05,100.0,5.0
itwiki,Croatian,1,21,2049,14377,0.15,0.05,4.76,0.3333
itwiki,Ragusan/Dalmatian,1,2,2049,14377,0.01,0.05,50.0,5.0
itwiki,Serbian,1,25,2049,14377,0.17,0.05,4.0,0.2941
itwiki,Armenian,0,10,2049,14377,0.07,0.0,0.0,0.0
itwiki,Austrian/Habsburg,0,17,2049,14377,0.12,0.0,0.0,0.0
itwiki,Basque,0,8,2049,14377,0.06,0.0,0.0,0.0
itwiki,Finnish,0,23,2049,14377,0.16,0.0,0.0,0.0
itwiki,Hebrew,0,20,2049,14377,0.14,0.0,0.0,0.0
itwiki,Lithuanian,0,3,2049,14377,0.02,0.0,0.0,0.0
itwiki,Low Countries,0,13,2049,14377,0.09,0.0,0.0,0.0
itwiki,Occitan,0,18,2049,14377,0.13,0.0,0.0,0.0
itwiki,Slovene,0,1,2049,14377,0.01,0.0,0.0,0.0
itwiki,South Asian,0,13,2049,14377,0.09,0.0,0.0,0.0
itwiki,Walloon,0,3,2049,14377,0.02,0.0,0.0,0.0
nlwiki,Dutch,154,266,931,14377,1.85,16.54,57.89,8.9405
nlwiki,French,147,893,931,14377,6.21,15.79,16.46,2.5427
nlwiki,Anglophone,143,750,931,14377,5.22,15.36,19.07,2.9425
nlwiki,mixed_or_ambiguous,143,2647,931,14377,18.41,15.36,5.4,0.8343
nlwiki,German,108,993,931,14377,6.91,11.6,10.88,1.6787
nlwiki,no_mapped_affiliation,92,4167,931,14377,28.98,9.88,2.21,0.3409
nlwiki,Italian,27,667,931,14377,4.64,2.9,4.05,0.625
nlwiki,Swedish,21,319,931,14377,2.22,2.26,6.58,1.018
nlwiki,Russian,18,411,931,14377,2.86,1.93,4.38,0.6748
nlwiki,China,15,403,931,14377,2.8,1.61,3.72,0.575
nlwiki,Polish,11,235,931,14377,1.63,1.18,4.68,0.7239
nlwiki,Low Countries,10,13,931,14377,0.09,1.07,76.92,11.8889
nlwiki,Spanish,9,504,931,14377,3.51,0.97,1.79,0.2764
nlwiki,Danish,7,167,931,14377,1.16,0.75,4.19,0.6466
nlwiki,British,6,633,931,14377,4.4,0.64,0.95,0.1455
nlwiki,Ottoman,3,279,931,14377,1.94,0.32,1.08,0.1649
nlwiki,Portuguese,3,109,931,14377,0.76,0.32,2.75,0.4211
nlwiki,Arabic,2,87,931,14377,0.61,0.21,2.3,0.3443
nlwiki,Czech,2,53,931,14377,0.37,0.21,3.77,0.5676
nlwiki,Greek,2,34,931,14377,0.24,0.21,5.88,0.875
nlwiki,Persian,2,32,931,14377,0.22,0.21,6.25,0.9545
nlwiki,Swiss,2,50,931,14377,0.35,0.21,4.0,0.6
nlwiki,Corsican,1,1,931,14377,0.01,0.11,100.0,11.0
nlwiki,Germany,1,55,931,14377,0.38,0.11,1.82,0.2895
nlwiki,Hungarian,1,274,931,14377,1.91,0.11,0.36,0.0576
nlwiki,Walloon,1,3,931,14377,0.02,0.11,33.33,5.5
nlwiki,Armenian,0,10,931,14377,0.07,0.0,0.0,0.0
nlwiki,Austrian/Habsburg,0,17,931,14377,0.12,0.0,0.0,0.0
nlwiki,Basque,0,8,931,14377,0.06,0.0,0.0,0.0
nlwiki,Catalan,0,17,931,14377,0.12,0.0,0.0,0.0
nlwiki,Croatian,0,21,931,14377,0.15,0.0,0.0,0.0
nlwiki,Finnish,0,23,931,14377,0.16,0.0,0.0,0.0
nlwiki,France,0,115,931,14377,0.8,0.0,0.0,0.0
nlwiki,Hebrew,0,20,931,14377,0.14,0.0,0.0,0.0
nlwiki,Lithuanian,0,3,931,14377,0.02,0.0,0.0,0.0
nlwiki,Occitan,0,18,931,14377,0.13,0.0,0.0,0.0
nlwiki,Ragusan/Dalmatian,0,2,931,14377,0.01,0.0,0.0,0.0
nlwiki,Romanian/Moldavian,0,5,931,14377,0.03,0.0,0.0,0.0
nlwiki,Serbian,0,25,931,14377,0.17,0.0,0.0,0.0
nlwiki,Slovak,0,34,931,14377,0.24,0.0,0.0,0.0
nlwiki,Slovene,0,1,931,14377,0.01,0.0,0.0,0.0
nlwiki,South Asian,0,13,931,14377,0.09,0.0,0.0,0.0
plwiki,Anglophone,198,750,1207,14377,5.22,16.4,26.4,3.1418
plwiki,mixed_or_ambiguous,194,2647,1207,14377,18.41,16.07,7.33,0.8729
plwiki,Polish,181,235,1207,14377,1.63,15.0,77.02,9.2025
plwiki,French,162,893,1207,14377,6.21,13.42,18.14,2.161
plwiki,German,146,993,1207,14377,6.91,12.1,14.7,1.7511
plwiki,no_mapped_affiliation,80,4167,1207,14377,28.98,6.63,1.92,0.2288
plwiki,Italian,45,667,1207,14377,4.64,3.73,6.75,0.8039
plwiki,Spanish,37,504,1207,14377,3.51,3.07,7.34,0.8746
plwiki,Russian,36,411,1207,14377,2.86,2.98,8.76,1.042
plwiki,Swedish,23,319,1207,14377,2.22,1.91,7.21,0.8604
plwiki,Portuguese,14,109,1207,14377,0.76,1.16,12.84,1.5263
plwiki,Danish,13,167,1207,14377,1.16,1.08,7.78,0.931
plwiki,Dutch,11,266,1207,14377,1.85,0.91,4.14,0.4919
plwiki,Hungarian,11,274,1207,14377,1.91,0.91,4.01,0.4764
plwiki,Ottoman,11,279,1207,14377,1.94,0.91,3.94,0.4691
plwiki,China,9,403,1207,14377,2.8,0.75,2.23,0.2679
plwiki,British,8,633,1207,14377,4.4,0.66,1.26,0.15
plwiki,Czech,6,53,1207,14377,0.37,0.5,11.32,1.3514
plwiki,Germany,5,55,1207,14377,0.38,0.41,9.09,1.0789
plwiki,Hebrew,3,20,1207,14377,0.14,0.25,15.0,1.7857
plwiki,Slovak,3,34,1207,14377,0.24,0.25,8.82,1.0417
plwiki,Arabic,2,87,1207,14377,0.61,0.17,2.3,0.2787
plwiki,Greek,2,34,1207,14377,0.24,0.17,5.88,0.7083
plwiki,Persian,2,32,1207,14377,0.22,0.17,6.25,0.7727
plwiki,Armenian,1,10,1207,14377,0.07,0.08,10.0,1.1429
plwiki,Austrian/Habsburg,1,17,1207,14377,0.12,0.08,5.88,0.6667
plwiki,Corsican,1,1,1207,14377,0.01,0.08,100.0,8.0
plwiki,Romanian/Moldavian,1,5,1207,14377,0.03,0.08,20.0,2.6667
plwiki,Serbian,1,25,1207,14377,0.17,0.08,4.0,0.4706
plwiki,Basque,0,8,1207,14377,0.06,0.0,0.0,0.0
plwiki,Catalan,0,17,1207,14377,0.12,0.0,0.0,0.0
plwiki,Croatian,0,21,1207,14377,0.15,0.0,0.0,0.0
plwiki,Finnish,0,23,1207,14377,0.16,0.0,0.0,0.0
plwiki,France,0,115,1207,14377,0.8,0.0,0.0,0.0
plwiki,Lithuanian,0,3,1207,14377,0.02,0.0,0.0,0.0
plwiki,Low Countries,0,13,1207,14377,0.09,0.0,0.0,0.0
plwiki,Occitan,0,18,1207,14377,0.13,0.0,0.0,0.0
plwiki,Ragusan/Dalmatian,0,2,1207,14377,0.01,0.0,0.0,0.0
plwiki,Slovene,0,1,1207,14377,0.01,0.0,0.0,0.0
plwiki,South Asian,0,13,1207,14377,0.09,0.0,0.0,0.0
plwiki,Swiss,0,50,1207,14377,0.35,0.0,0.0,0.0
plwiki,Walloon,0,3,1207,14377,0.02,0.0,0.0,0.0
ptwiki,Anglophone,194,750,973,14377,5.22,19.94,25.87,3.8199
ptwiki,French,166,893,973,14377,6.21,17.06,18.59,2.7472
ptwiki,mixed_or_ambiguous,146,2647,973,14377,18.41,15.01,5.52,0.8153
ptwiki,German,114,993,973,14377,6.91,11.72,11.48,1.6961
ptwiki,Portuguese,97,109,973,14377,0.76,9.97,88.99,13.1184
ptwiki,no_mapped_affiliation,53,4167,973,14377,28.98,5.45,1.27,0.1881
ptwiki,Spanish,47,504,973,14377,3.51,4.83,9.33,1.3761
ptwiki,Italian,44,667,973,14377,4.64,4.52,6.6,0.9741
ptwiki,Russian,18,411,973,14377,2.86,1.85,4.38,0.6469
ptwiki,Danish,16,167,973,14377,1.16,1.64,9.58,1.4138
ptwiki,British,15,633,973,14377,4.4,1.54,2.37,0.35
ptwiki,Swedish,15,319,973,14377,2.22,1.54,4.7,0.6937
ptwiki,Polish,12,235,973,14377,1.63,1.23,5.11,0.7546
ptwiki,Dutch,7,266,973,14377,1.85,0.72,2.63,0.3892
ptwiki,China,5,403,973,14377,2.8,0.51,1.24,0.1821
ptwiki,Ottoman,5,279,973,14377,1.94,0.51,1.79,0.2629
ptwiki,Arabic,4,87,973,14377,0.61,0.41,4.6,0.6721
ptwiki,Germany,3,55,973,14377,0.38,0.31,5.45,0.8158
ptwiki,Greek,3,34,973,14377,0.24,0.31,8.82,1.2917
ptwiki,Hungarian,3,274,973,14377,1.91,0.31,1.09,0.1623
ptwiki,Persian,3,32,973,14377,0.22,0.31,9.38,1.4091
ptwiki,Corsican,1,1,973,14377,0.01,0.1,100.0,10.0
ptwiki,Czech,1,53,973,14377,0.37,0.1,1.89,0.2703
ptwiki,Serbian,1,25,973,14377,0.17,0.1,4.0,0.5882
ptwiki,Armenian,0,10,973,14377,0.07,0.0,0.0,0.0
ptwiki,Austrian/Habsburg,0,17,973,14377,0.12,0.0,0.0,0.0
ptwiki,Basque,0,8,973,14377,0.06,0.0,0.0,0.0
ptwiki,Catalan,0,17,973,14377,0.12,0.0,0.0,0.0
ptwiki,Croatian,0,21,973,14377,0.15,0.0,0.0,0.0
ptwiki,Finnish,0,23,973,14377,0.16,0.0,0.0,0.0
ptwiki,France,0,115,973,14377,0.8,0.0,0.0,0.0
ptwiki,Hebrew,0,20,973,14377,0.14,0.0,0.0,0.0
ptwiki,Lithuanian,0,3,973,14377,0.02,0.0,0.0,0.0
ptwiki,Low Countries,0,13,973,14377,0.09,0.0,0.0,0.0
ptwiki,Occitan,0,18,973,14377,0.13,0.0,0.0,0.0
ptwiki,Ragusan/Dalmatian,0,2,973,14377,0.01,0.0,0.0,0.0
ptwiki,Romanian/Moldavian,0,5,973,14377,0.03,0.0,0.0,0.0
ptwiki,Slovak,0,34,973,14377,0.24,0.0,0.0,0.0
ptwiki,Slovene,0,1,973,14377,0.01,0.0,0.0,0.0
ptwiki,South Asian,0,13,973,14377,0.09,0.0,0.0,0.0
ptwiki,Swiss,0,50,973,14377,0.35,0.0,0.0,0.0
ptwiki,Walloon,0,3,973,14377,0.02,0.0,0.0,0.0
ruwiki,mixed_or_ambiguous,433,2647,2436,14377,18.41,17.78,16.36,0.9658
ruwiki,Russian,358,411,2436,14377,2.86,14.7,87.1,5.1399
ruwiki,French,351,893,2436,14377,6.21,14.41,39.31,2.3205
ruwiki,Anglophone,268,750,2436,14377,5.22,11.0,35.73,2.1073
ruwiki,German,265,993,2436,14377,6.91,10.88,26.69,1.5745
ruwiki,no_mapped_affiliation,195,4167,2436,14377,28.98,8.0,4.68,0.2761
ruwiki,Italian,108,667,2436,14377,4.64,4.43,16.19,0.9547
ruwiki,Polish,106,235,2436,14377,1.63,4.35,45.11,2.6687
ruwiki,Spanish,60,504,2436,14377,3.51,2.46,11.9,0.7009
ruwiki,Swedish,48,319,2436,14377,2.22,1.97,15.05,0.8874
ruwiki,Ottoman,38,279,2436,14377,1.94,1.56,13.62,0.8041
ruwiki,Dutch,27,266,2436,14377,1.85,1.11,10.15,0.6
ruwiki,Danish,25,167,2436,14377,1.16,1.03,14.97,0.8879
ruwiki,Portuguese,21,109,2436,14377,0.76,0.86,19.27,1.1316
ruwiki,China,19,403,2436,14377,2.8,0.78,4.71,0.2786
ruwiki,Hungarian,17,274,2436,14377,1.91,0.7,6.2,0.3665
ruwiki,British,16,633,2436,14377,4.4,0.66,2.53,0.15
ruwiki,Greek,13,34,2436,14377,0.24,0.53,38.24,2.2083
ruwiki,Persian,11,32,2436,14377,0.22,0.45,34.38,2.0455
ruwiki,Germany,9,55,2436,14377,0.38,0.37,16.36,0.9737
ruwiki,Croatian,7,21,2436,14377,0.15,0.29,33.33,1.9333
ruwiki,Czech,6,53,2436,14377,0.37,0.25,11.32,0.6757
ruwiki,Arabic,5,87,2436,14377,0.61,0.21,5.75,0.3443
ruwiki,Serbian,5,25,2436,14377,0.17,0.21,20.0,1.2353
ruwiki,Slovak,5,34,2436,14377,0.24,0.21,14.71,0.875
ruwiki,Hebrew,4,20,2436,14377,0.14,0.16,20.0,1.1429
ruwiki,Romanian/Moldavian,4,5,2436,14377,0.03,0.16,80.0,5.3333
ruwiki,Finnish,3,23,2436,14377,0.16,0.12,13.04,0.75
ruwiki,Armenian,2,10,2436,14377,0.07,0.08,20.0,1.1429
ruwiki,Austrian/Habsburg,2,17,2436,14377,0.12,0.08,11.76,0.6667
ruwiki,France,2,115,2436,14377,0.8,0.08,1.74,0.1
ruwiki,Lithuanian,2,3,2436,14377,0.02,0.08,66.67,4.0
ruwiki,Corsican,1,1,2436,14377,0.01,0.04,100.0,4.0
ruwiki,Basque,0,8,2436,14377,0.06,0.0,0.0,0.0
ruwiki,Catalan,0,17,2436,14377,0.12,0.0,0.0,0.0
ruwiki,Low Countries,0,13,2436,14377,0.09,0.0,0.0,0.0
ruwiki,Occitan,0,18,2436,14377,0.13,0.0,0.0,0.0
ruwiki,Ragusan/Dalmatian,0,2,2436,14377,0.01,0.0,0.0,0.0
ruwiki,Slovene,0,1,2436,14377,0.01,0.0,0.0,0.0
ruwiki,South Asian,0,13,2436,14377,0.09,0.0,0.0,0.0
ruwiki,Swiss,0,50,2436,14377,0.35,0.0,0.0,0.0
ruwiki,Walloon,0,3,2436,14377,0.02,0.0,0.0,0.0
svwiki,mixed_or_ambiguous,307,2647,1826,14377,18.41,16.81,11.6,0.9131
svwiki,Swedish,265,319,1826,14377,2.22,14.51,83.07,6.536
svwiki,French,245,893,1826,14377,6.21,13.42,27.44,2.161
svwiki,Anglophone,237,750,1826,14377,5.22,12.98,31.6,2.4866
svwiki,German,236,993,1826,14377,6.91,12.92,23.77,1.8698
svwiki,no_mapped_affiliation,109,4167,1826,14377,28.98,5.97,2.62,0.206
svwiki,Danish,80,167,1826,14377,1.16,4.38,47.9,3.7759
svwiki,Italian,76,667,1826,14377,4.64,4.16,11.39,0.8966
svwiki,Spanish,48,504,1826,14377,3.51,2.63,9.52,0.7493
svwiki,Russian,46,411,1826,14377,2.86,2.52,11.19,0.8811
svwiki,Dutch,41,266,1826,14377,1.85,2.25,15.41,1.2162
svwiki,Polish,34,235,1826,14377,1.63,1.86,14.47,1.1411
svwiki,British,20,633,1826,14377,4.4,1.1,3.16,0.25
svwiki,China,15,403,1826,14377,2.8,0.82,3.72,0.2929
svwiki,Finnish,14,23,1826,14377,0.16,0.77,60.87,4.8125
svwiki,Hungarian,12,274,1826,14377,1.91,0.66,4.38,0.3455
svwiki,Portuguese,12,109,1826,14377,0.76,0.66,11.01,0.8684
svwiki,Czech,5,53,1826,14377,0.37,0.27,9.43,0.7297
svwiki,Germany,5,55,1826,14377,0.38,0.27,9.09,0.7105
svwiki,Ottoman,5,279,1826,14377,1.94,0.27,1.79,0.1392
svwiki,France,4,115,1826,14377,0.8,0.22,3.48,0.275
svwiki,Greek,2,34,1826,14377,0.24,0.11,5.88,0.4583
svwiki,Persian,2,32,1826,14377,0.22,0.11,6.25,0.5
svwiki,Arabic,1,87,1826,14377,0.61,0.05,1.15,0.082
svwiki,Corsican,1,1,1826,14377,0.01,0.05,100.0,5.0
svwiki,Low Countries,1,13,1826,14377,0.09,0.05,7.69,0.5556
svwiki,Serbian,1,25,1826,14377,0.17,0.05,4.0,0.2941
svwiki,Slovak,1,34,1826,14377,0.24,0.05,2.94,0.2083
svwiki,Swiss,1,50,1826,14377,0.35,0.05,2.0,0.1429
svwiki,Armenian,0,10,1826,14377,0.07,0.0,0.0,0.0
svwiki,Austrian/Habsburg,0,17,1826,14377,0.12,0.0,0.0,0.0
svwiki,Basque,0,8,1826,14377,0.06,0.0,0.0,0.0
svwiki,Catalan,0,17,1826,14377,0.12,0.0,0.0,0.0
svwiki,Croatian,0,21,1826,14377,0.15,0.0,0.0,0.0
svwiki,Hebrew,0,20,1826,14377,0.14,0.0,0.0,0.0
svwiki,Lithuanian,0,3,1826,14377,0.02,0.0,0.0,0.0
svwiki,Occitan,0,18,1826,14377,0.13,0.0,0.0,0.0
svwiki,Ragusan/Dalmatian,0,2,1826,14377,0.01,0.0,0.0,0.0
svwiki,Romanian/Moldavian,0,5,1826,14377,0.03,0.0,0.0,0.0
svwiki,Slovene,0,1,1826,14377,0.01,0.0,0.0,0.0
svwiki,South Asian,0,13,1826,14377,0.09,0.0,0.0,0.0
svwiki,Walloon,0,3,1826,14377,0.02,0.0,0.0,0.0
ukwiki,mixed_or_ambiguous,125,2647,868,14377,18.41,14.4,4.72,0.7822
ukwiki,French,122,893,868,14377,6.21,14.06,13.66,2.2641
ukwiki,Anglophone,120,750,868,14377,5.22,13.82,16.0,2.6475
ukwiki,Russian,86,411,868,14377,2.86,9.91,20.92,3.465
ukwiki,no_mapped_affiliation,86,4167,868,14377,28.98,9.91,2.06,0.342
ukwiki,German,84,993,868,14377,6.91,9.68,8.46,1.4009
ukwiki,Polish,74,235,868,14377,1.63,8.53,31.49,5.2331
ukwiki,Italian,28,667,868,14377,4.64,3.23,4.2,0.6961
ukwiki,Swedish,26,319,868,14377,2.22,3.0,8.15,1.3514
ukwiki,China,22,403,868,14377,2.8,2.53,5.46,0.9036
ukwiki,Spanish,16,504,868,14377,3.51,1.84,3.17,0.5242
ukwiki,Hungarian,13,274,868,14377,1.91,1.5,4.74,0.7853
ukwiki,Ottoman,11,279,868,14377,1.94,1.27,3.94,0.6546
ukwiki,Danish,8,167,868,14377,1.16,0.92,4.79,0.7931
ukwiki,British,7,633,868,14377,4.4,0.81,1.11,0.1841
ukwiki,Greek,5,34,868,14377,0.24,0.58,14.71,2.4167
ukwiki,Persian,5,32,868,14377,0.22,0.58,15.62,2.6364
ukwiki,Portuguese,5,109,868,14377,0.76,0.58,4.59,0.7632
ukwiki,Croatian,3,21,868,14377,0.15,0.35,14.29,2.3333
ukwiki,Czech,3,53,868,14377,0.37,0.35,5.66,0.9459
ukwiki,Dutch,3,266,868,14377,1.85,0.35,1.13,0.1892
ukwiki,Hebrew,3,20,868,14377,0.14,0.35,15.0,2.5
ukwiki,Slovak,3,34,868,14377,0.24,0.35,8.82,1.4583
ukwiki,Arabic,2,87,868,14377,0.61,0.23,2.3,0.377
ukwiki,Germany,2,55,868,14377,0.38,0.23,3.64,0.6053
ukwiki,Serbian,2,25,868,14377,0.17,0.23,8.0,1.3529
ukwiki,Corsican,1,1,868,14377,0.01,0.12,100.0,12.0
ukwiki,Lithuanian,1,3,868,14377,0.02,0.12,33.33,6.0
ukwiki,Romanian/Moldavian,1,5,868,14377,0.03,0.12,20.0,4.0
ukwiki,South Asian,1,13,868,14377,0.09,0.12,7.69,1.3333
ukwiki,Armenian,0,10,868,14377,0.07,0.0,0.0,0.0
ukwiki,Austrian/Habsburg,0,17,868,14377,0.12,0.0,0.0,0.0
ukwiki,Basque,0,8,868,14377,0.06,0.0,0.0,0.0
ukwiki,Catalan,0,17,868,14377,0.12,0.0,0.0,0.0
ukwiki,Finnish,0,23,868,14377,0.16,0.0,0.0,0.0
ukwiki,France,0,115,868,14377,0.8,0.0,0.0,0.0
ukwiki,Low Countries,0,13,868,14377,0.09,0.0,0.0,0.0
ukwiki,Occitan,0,18,868,14377,0.13,0.0,0.0,0.0
ukwiki,Ragusan/Dalmatian,0,2,868,14377,0.01,0.0,0.0,0.0
ukwiki,Slovene,0,1,868,14377,0.01,0.0,0.0,0.0
ukwiki,Swiss,0,50,868,14377,0.35,0.0,0.0,0.0
ukwiki,Walloon,0,3,868,14377,0.02,0.0,0.0,0.0
